CIRC_PATH_INST_ID,SEQUENCE,CONNECT_TYPE,ELEMENT_TYPE,PORT_INST_ID,ELEMENT_INST_ID
4079981,1,T,E,150377695,39095102
4079981,3,T,E,175337476,39095100
4079981,4,T,E,150377696,39095099
4079981,6,T,E,175337477,39095097
4079981,7,T,E,150377697,39095096
4079981,9,T,E,175337478,39095094
4079981,10,T,E,150377698,39095093
4079981,12,T,E,175337479,39095091
4079981,13,T,E,150377699,36024228
4079981,15,T,E,175337480,36024230
4079981,16,T,E,150377700,36024225
4079981,18,T,E,175337481,36024227
4079981,19,T,E,150377701,36024222
4079981,21,T,E,175337482,36024224
4079981,22,T,E,150377702,36024219
4079981,24,T,E,175337483,36024221
4079981,25,T,E,150377703,36024216
4079981,27,T,E,175337484,36024218
4079981,28,T,E,150377704,36024213
4079981,30,T,E,175337485,36024215
4079981,31,T,E,150377705,36024210
4079981,33,T,E,175337486,36024212
4079981,34,T,E,150377706,36024207
4079981,36,T,E,175337487,36024209
4079981,37,T,E,150377707,36024204
4079981,39,T,E,175337488,36024206
4079981,40,T,E,150377708,36024201
4079981,42,T,E,175337489,36024203
4079981,43,T,E,150377709,36024198
4079981,45,T,E,175337490,36024200
4079981,46,T,E,150377710,36024195
4079981,48,T,E,175337491,36024197
4079981,49,T,E,150377711,36024192
4079981,51,T,E,175337492,36024194
4079981,52,T,E,150377712,36024189
4079981,54,T,E,175337493,36024191
4079981,55,T,E,150377713,36024186
4079981,57,T,E,175337494,36024188
4079981,58,T,E,150377717,36024183
4079981,60,T,E,175337497,36024185
4079981,61,T,E,150377718,36024180
4079981,63,T,E,175337498,36024182
4079981,64,T,E,150377719,36024177
4079981,66,T,E,175337499,36024179
4079981,67,T,E,150377720,36024174
4079981,69,T,E,175337500,36024176
4079981,70,T,E,150377721,36024171
4079981,72,T,E,175337501,36024173
4079981,73,T,E,150377722,36024168
4079981,75,T,E,175337502,36024170
4079981,76,T,E,150377723,36024165
4079981,78,T,E,175337503,36024167
4079981,79,T,E,150377724,36024162
4079981,81,T,E,175337504,36024164
4079981,82,T,E,150377725,36024159
4079981,84,T,E,175337505,36024161
4079981,85,T,E,150377726,36024156
4079981,87,T,E,175337506,36024158
4079981,88,T,E,150377727,36024153
4079981,90,T,E,175337507,36024155
4079981,91,T,E,150377728,36024150
4079981,93,T,E,175337508,36024152
4079981,94,T,E,150377729,36024147
4079981,96,T,E,175337509,36024149
4079981,97,T,E,150377730,36024144
4079981,99,T,E,175337510,36024146
4079981,100,T,E,150377731,36024141
4079981,102,T,E,175337511,36024143
4079981,103,T,E,150377732,36024138
4079981,105,T,E,175337512,36024140
4079981,106,T,E,150377733,36024135
4079981,108,T,E,175337513,36024137
4079981,109,T,E,150377734,36024132
4079981,111,T,E,175337514,36024134
4079981,112,T,E,150377735,36024129
4079981,114,T,E,175337515,36024131
4079981,115,T,E,150377736,36024126
4079981,117,T,E,175337516,36024128
4079981,118,T,E,150377737,36024123
4079981,120,T,E,175337517,36024125
4079981,121,T,E,150377738,36024120
4079981,123,T,E,175337518,36024122
4079981,124,T,E,150377739,36024117
4079981,126,T,E,175337519,36024119
4079981,127,T,E,150377740,36024114
4079981,129,T,E,175337520,36024116
4079981,130,T,E,150377741,36024111
4079981,132,T,E,175337521,36024113
4079981,133,T,E,150377742,36024108
4079981,135,T,E,175337522,36024110
4079981,136,T,E,150377743,36024105
4079981,138,T,E,175337523,36024107
4079981,139,T,E,150377744,36024102
4079981,141,T,E,175337524,36024104
4079981,142,T,E,150377746,36024099
4079981,144,T,E,175337526,36024101
4079981,145,T,E,150377747,36024096
4079981,147,T,E,175337527,36024098
4079981,148,T,E,150377748,36024093
4079981,150,T,E,175337528,36024095
4079981,151,T,E,150377749,36024090
4079981,153,T,E,175337529,36024092
4079981,154,T,E,150377750,36024087
4079981,156,T,E,175337530,36024089
4079981,157,T,E,150377751,36024084
4079981,159,T,E,175337531,36024086
4079981,160,T,E,150377752,36024081
4079981,162,T,E,175337532,36024083
4079981,163,T,E,150377753,36024078
4079981,165,T,E,175337533,36024080
4079981,166,T,E,150377754,36024075
4079981,168,T,E,175337534,36024077
4079981,169,T,E,150377755,36024072
4079981,171,T,E,175337535,36024074
4079981,172,T,E,150377756,36024069
4079981,174,T,E,175337536,36024071
4079981,175,T,E,150377757,36024066
4079981,177,T,E,175337537,36024068
4079981,178,T,E,150377758,36024063
4079981,180,T,E,175337538,36024065
4079981,181,T,E,150377759,36024060
4079981,183,T,E,175337539,36024062
4079981,184,T,E,150377760,36024057
4079981,186,T,E,175337540,36024059
4079981,187,T,E,150377761,36024054
4079981,189,T,E,175337541,36024056
4079981,190,T,E,150377762,36024051
4079981,192,T,E,175337542,36024053
4079981,193,T,E,150377763,36024048
4079981,195,T,E,175337543,36024050
4079981,196,T,E,150377764,36024045
4079981,198,T,E,175337544,36024047
4079981,199,T,E,150377765,36024042
4079981,201,T,E,175337545,36024044
4079981,202,T,E,150377766,36024039
4079981,204,T,E,175337546,36024041
4079981,205,T,E,150377767,36024036
4079981,207,T,E,175337547,36024038
4079981,208,T,E,150377768,36024033
4079981,210,T,E,175337548,36024035
4079981,211,T,E,150377769,36024030
4079981,213,T,E,175337549,36024032
4079981,214,T,E,150377770,36024027
4079981,216,T,E,175337550,36024029
4079981,217,T,E,150377771,36024024
4079981,219,T,E,175337551,36024026
4079981,220,T,E,150377772,36024021
4079981,222,T,E,175337552,36024023
4079981,223,T,E,150377773,36023104
4079981,225,T,E,175337553,36023106
4079981,226,T,E,150377775,36023101
4079981,228,T,E,175337555,36023103
4079981,229,T,E,150377776,36023098
4079981,231,T,E,175337556,36023100
4079981,232,T,E,150377777,36023095
4079981,234,T,E,175337557,36023097
4079981,235,T,E,150377778,36023092
4079981,237,T,E,175337558,36023094
4079981,238,T,E,150377779,36023089
4079981,240,T,E,175337559,36023091
4079981,241,T,E,150377780,36023086
4079981,243,T,E,175337560,36023088
4079981,244,T,E,150377781,36023083
4079981,246,T,E,175337561,36023085
4079981,247,T,E,150377782,36023080
4079981,249,T,E,175337562,36023082
4079981,250,T,E,150377783,36023077
4079981,252,T,E,175337563,36023079
4079981,253,T,E,150377784,36023074
4079981,255,T,E,175337564,36023076
4079981,256,T,E,150377785,36023071
4079981,258,T,E,175337565,36023073
4079981,259,T,E,150377786,36023068
4079981,261,T,E,175337566,36023070
4079981,262,T,E,150377787,36023065
4079981,264,T,E,175337567,36023067
4079981,265,T,E,150377788,36023062
4079981,267,T,E,175337568,36023064
4079981,268,T,E,150377789,36023059
4079981,270,T,E,175337569,36023061
4079981,271,T,E,150377790,36023056
4079981,273,T,E,175337570,36023058
4079981,274,T,E,150377791,36023053
4079981,276,T,E,175337571,36023055
4079981,277,T,E,150377792,36023050
4079981,279,T,E,175337572,36023052
4079981,280,T,E,150377793,36023047
4079981,282,T,E,175337573,36023049
4079981,283,T,E,150377794,36023044
4079981,285,T,E,175337574,36023046
4079981,286,T,E,150377795,36023041
4079981,288,T,E,175337575,36023043
4079981,289,T,E,150377796,36023038
4079981,291,T,E,175337576,36023040
4079981,292,T,E,150377797,36023035
4079981,294,T,E,175337577,36023037
4079981,295,T,E,150377798,36023032
4079981,297,T,E,175337578,36023034
4079981,298,T,E,150377799,36023029
4079981,300,T,E,175337579,36023031
4079981,301,T,E,150377800,36023026
4079981,303,T,E,175337580,36023028
4079981,307,T,E,150377802,36023020
4079981,304,T,E,150377801,36023023
4079981,306,T,E,175337581,36023025
4079981,309,T,E,175337582,36023022
4968985,4,T,E,62857511,43124911
4968985,1,T,E,186398250,43124908
4968985,3,T,E,198721760,43124910
4969203,4,T,E,62857517,43126433
4969203,1,T,E,186399915,43126430
4969203,3,T,E,198831145,43126432
6098358,3,T,E,228008359,51439360
6098358,1,T,E,206822617,51439358
6098358,4,T,E,228008360,51439361
6098358,6,T,E,143592174,51439363
6307649,3,T,E,234337682,52784767
6307649,1,T,E,234338248,52784765
7904404,3,T,E,236434630,64869862
7904404,1,T,E,270319414,64869860
8014833,4,T,E,267098658,65649848
8014833,2,T,E,272463654,65649971
8040673,1,T,E,267319160,66033208
8040673,2,T,E,267319304,66033209
8040673,4,T,E,269160739,66033211
8040673,8,T,E,266282449,66032920
8040673,5,T,E,266281630,66032917
8040673,6,T,E,266281774,66032918
8040673,9,T,E,266282448,66032921
8040673,13,T,E,270449688,66032352
8040673,11,I,E,272960410,65806943
8040673,12,O,E,272960409,65806944
8499504,4,T,E,265298024,68613598
8499504,2,T,E,278145217,68613784
8984448,5,T,E,275506509,71755426
8984448,1,T,E,272028132,71755419
8984448,3,T,E,274453555,71755423
8984448,4,T,E,274453411,71755424
8984448,6,T,E,275506653,71755428
8984448,8,T,E,267603771,71755430
8984448,12,T,E,278868790,71755434
8984448,14,T,E,272580715,71755436
8984448,9,T,E,267603770,71755431
8984448,11,T,E,278868789,71755433
8991059,5,T,E,275667536,71784701
8991059,1,T,E,276606872,71784697
8991059,3,T,E,276608023,71784699
8991059,8,T,E,285158056,71784704
8991059,4,T,E,276608167,71784700
8991059,6,T,E,275667680,71784702
