DATE_TIME_ID,ENODEB,EUTRANCELL,RRC_ATTEMPTS,RRC_FAIL,S1_ATTEMPTS,S1_FAIL,DATA_ACC,DATA_ERAB_ATTEMPTS,DATA_ERAB_FAIL,VOLTE_ACC,V_ERAB5_ATTEMPTS,V_ERAB5_FAIL,V_ERAB1_ATTEMPTS,V_ERAB1_FAIL,DATA_RET,DATA_DROPS,VOLTE_RET,VOLTE_DROPS,VOLTE_DROPS_NOCRE,ERAB_REL_S1_OUTAGE,ERAB_REL_ENB_RNL_UEL,ERAB_REL_HO_FAIL_TIM,ERAB_REL_ENB_RNL_RRNA,EPC_EPS_BEARER_REL_REQ_RNL,EPC_EPS_BEARER_REL_REQ_OTH,ERAB_REL_ABNORMAL_ACT_MME,D_DL_PLOSS,D_UL_PLOSS,RSSI_PUCCH_AVG,RSSI_PUSCH_AVG,D_DL_TPUT_MBPS,D_UL_TPUT_MBPS,D_DL_VOL_GB,D_UL_VOL_GB,D_IRAT_RDR_RT,D_IERFHO_SR,D_IRAFHO_SR,RRC_CONN_UE,RLC_PDU_DL_VOL_CA_PCELL,RLC_PDU_DL_VOL_CA_SCELL,CELLDOWNTIME_MANUAL,CELLDOWNTIME_AUTO,CELLDOWNTIME_TXN,CELL_SLEEP,DL_PRB_USAGE,UL_PRB_USAGE
2/7/22,DTL01005,DTL01005_2A_1,274544,14,274530,0,99.99,272616,15,99.96,252116,14,3507,1,99.86,688,99.97,1,54,0,36,7,0,681,2,139,0.22,0.05,-111.41,-106.25,17.68,1.39,79.46,14.16,0,99.85,99.98,52,32382.92,45427.62,0,0,0,0,36.27,29.51
2/8/22,DTL01005,DTL01005_2A_1,272209,6,272203,0,99.99,271161,14,99.93,249948,12,3455,2,99.84,788,99.97,1,13,0,30,12,0,731,8,188,0.2,0.04,-111.57,-106.13,17.97,0.96,106.52,11.26,0,99.89,99.88,55,38824.33,55649.92,0,0,0,0,40.32,27.25
2/9/22,DTL01005,DTL01005_2A_1,267183,24,267159,0,99.98,265462,21,99.77,247135,22,3510,7,99.82,905,100,0,231,0,38,8,0,1062,0,134,0.19,0.04,-111.16,-106.26,19.42,1.01,93.59,10.45,0,99.76,99.96,50,38182.35,49889.36,0,0,0,0,37.14,25.06
2/10/22,DTL01005,DTL01005_2A_1,261356,11,261345,0,99.99,259926,9,99.93,240134,6,3352,2,99.85,721,99.93,2,120,0,40,5,0,764,0,122,0.16,0.05,-111.41,-106.09,20.2,1.16,90.17,11.53,0,99.82,99.98,51,36011.37,48650.12,0,0,0,0,36.01,24.74
2/11/22,DTL01005,DTL01005_2A_1,259104,14,259090,0,99.99,259222,4,99.99,233526,5,3561,0,99.85,708,100,0,118,0,34,4,0,775,0,128,0.2,0.06,-111.47,-106.24,17.92,1.74,83.11,16.88,0,99.9,99.96,50,30215.12,42171.26,0,0,0,0,36.6,26.28
2/12/22,DTL01005,DTL01005_2A_1,279934,21,279913,0,99.98,277838,39,99.95,253985,31,2938,1,99.85,779,99.96,1,47,0,143,37,0,631,0,146,0.22,0.04,-111.05,-107.02,17.61,1.48,81.81,22.29,0,99.52,99.93,50,31602.31,46290.43,0,0,0,0,36.63,32.58
2/13/22,DTL01005,DTL01005_2A_1,294559,5,294554,1,100,290887,3,99.96,274158,3,2590,1,99.88,636,100,0,3,0,40,4,0,581,0,156,0.22,0.02,-110.74,-105.69,17.41,1.48,76.93,15.25,0,99.91,99.96,54,29228.89,43748.85,0,0,0,0,34.76,29.56
2/14/22,DTL01005,DTL01005_2A_1,289695,5,289690,0,100,288118,8,99.91,264576,7,3799,3,99.85,791,99.97,1,97,0,38,2,0,819,0,143,0.2,0.04,-111.13,-105.86,15.53,1.91,73.23,18.81,0,99.88,99.98,55,28868.3,42296.42,0,0,0,0,37.14,28.14
2/15/22,DTL01005,DTL01005_2A_1,284601,9,284592,2,99.99,284542,8,99.97,259205,6,3654,1,99.84,843,100,0,27,0,47,4,0,809,0,198,0.21,0.03,-111.24,-105.61,17.46,1.98,83.34,19.92,0,99.83,99.96,55,30334.65,44029.04,0,0,0,0,35.93,29.57
2/16/22,DTL01005,DTL01005_2A_1,271359,4,271355,0,99.99,269822,11,99.97,249687,10,3680,1,99.82,893,99.97,1,31,0,35,11,0,854,0,182,0.17,0.04,-111.53,-105.45,16.47,2.09,89.29,19.79,0,99.75,99.98,54,36304.84,53681.76,0,0,0,0,41.49,28.86
2/17/22,DTL01005,DTL01005_2A_1,282074,4,282070,1,99.99,281179,16,99.92,260222,12,4172,3,99.84,832,100,0,89,0,40,1,0,875,2,173,0.21,0.04,-111.42,-106.18,16.87,1.68,82.58,17.94,0,99.89,99.88,55,34127.48,48390.66,0,0,0,0,38.53,29.95
2/18/22,DTL01005,DTL01005_2A_1,298849,4,298845,0,100,296333,9,99.97,274333,7,4175,1,99.87,690,100,0,37,0,30,0,0,686,2,176,0.22,0.03,-111.21,-105.59,19.61,1.74,106.43,17.43,0,99.91,99.98,58,39474.63,66625.45,0,0,0,0,40.05,28.02
2/19/22,DTL01005,DTL01005_2A_1,301326,11,301315,0,99.99,297397,13,99.86,275876,10,2952,4,99.85,841,99.96,1,23,0,154,7,0,689,4,210,0.21,0.03,-111.16,-105.98,16.33,2.33,87.25,25.48,0,99.82,99.98,56,33744.78,49740.27,0,0,0,0,39.67,32.15
2/20/22,DTL01005,DTL01005_2A_1,297774,1,297773,0,99.99,293360,15,99.99,275518,14,2362,0,99.9,553,100,0,4,0,24,4,0,527,0,150,0.17,0.02,-111.03,-106.06,19.51,2.25,107.45,24.14,0,99.91,99.95,54,37451.53,54905.5,0,0,0,0,38.92,32.78
2/21/22,DTL01005,DTL01005_2A_1,273858,2,273856,1,100,270382,8,99.97,253573,10,3581,1,99.87,642,99.97,1,11,0,36,0,0,608,0,140,0.17,0.04,-111.22,-106.52,18.54,1.71,92.86,20.71,0,99.89,99.95,54,32573.66,48875.14,0,0,0,0,38.81,34.04
2/22/22,DTL01005,DTL01005_2A_1,279542,2,279540,0,100,277557,8,99.92,256463,8,3924,3,99.89,576,99.88,4,63,0,22,12,0,600,5,126,0.16,0.04,-111.29,-105.81,20.56,1.58,92.71,15.13,0,99.86,99.93,55,34049.92,51970.28,0,0,0,0,37.72,26.21
2/23/22,DTL01005,DTL01005_2A_1,289737,6,289731,0,100,288056,4,100,264583,3,3710,0,99.89,609,99.97,1,22,0,30,7,0,588,4,167,0.17,0.04,-111.47,-105.52,16.34,1.87,87.17,21.18,0,99.83,99.89,58,30964.37,46247.56,0,0,0,0,37.94,30.42
2/24/22,DTL01005,DTL01005_2A_1,291515,6,291509,0,99.99,289931,12,99.97,266344,9,3888,1,99.8,1074,99.97,1,106,0,53,11,0,1114,0,196,0.24,0.03,-111.39,-105.47,16.19,1.58,81.87,17.32,0,99.75,99.93,58,35400.23,52870.03,0,0,0,0,39.6,29.71
2/25/22,DTL01005,DTL01005_2A_1,289061,9,289052,1,99.99,287951,6,99.92,264842,10,3965,3,99.86,740,100,0,46,0,42,2,0,739,0,187,0.18,0.04,-111.57,-106.88,16.82,1.09,84.82,13.76,0,99.83,99.96,58,33797.94,51643.7,0,0,0,0,39.87,34.71
2/26/22,DTL01005,DTL01005_2A_1,294157,4,294153,0,100,291396,3,99.9,271726,4,3008,3,99.87,712,100,0,4,0,9,0,0,702,0,209,0.2,0.03,-111.07,-106.39,18.99,1.28,102.73,14.52,0,99.94,99.94,56,39354.37,57753.82,0,0,0,0,40.29,31.15
2/27/22,DTL01005,DTL01005_2A_1,297894,5,297889,0,100,293377,4,100,279453,5,2615,0,99.9,544,100,0,4,0,39,4,0,497,0,125,0.17,0.03,-110.92,-106.16,19.53,1.2,92.38,12.6,0,99.86,99.97,55,36487.66,47879.61,0,0,0,0,36.81,26.66
2/28/22,DTL01005,DTL01005_2A_1,283291,7,283284,0,100,280814,4,99.92,261506,4,3799,3,99.88,600,99.97,1,6,0,52,10,0,535,5,157,0.18,0.04,-111.29,-105.74,17.93,1.07,91.43,12.37,0,99.85,99.96,58,33071.05,45442.03,0,0,0,0,37.96,27.44
3/1/22,DTL01005,DTL01005_2A_1,287449,8,287441,0,99.99,285048,14,99.94,265258,13,3926,2,99.87,688,99.92,3,44,0,48,18,0,660,0,132,0.2,0.04,-111.28,-106.09,17.04,1.07,83.82,12.65,0,99.69,99.94,56,31141.41,42011.46,0,0,0,0,36.94,27.82
3/2/22,DTL01005,DTL01005_2A_1,284578,9,284569,0,100,281602,4,99.91,261544,3,3497,3,99.89,596,99.93,2,16,0,28,15,0,565,0,153,0.16,0.04,-111.18,-105.77,16.47,1.06,81.46,11.57,0,99.58,99.96,55,29344.08,41434.84,0,0,0,0,38.18,24.61
3/3/22,DTL01005,DTL01005_2A_1,297363,10,297353,2,99.99,295284,13,99.94,270725,10,3899,2,99.87,682,99.91,3,18,0,54,10,0,613,0,161,0.18,0.05,-111.33,-106.18,16.06,1,83.68,12.95,0,99.87,99.87,59,30970.95,40447.96,0,0,0,0,37.55,27.67
3/4/22,DTL01005,DTL01005_2A_1,294031,12,294019,2,99.99,292885,4,99.95,267214,6,4212,2,99.88,644,100,0,11,0,45,0,0,606,0,169,0.25,0.04,-111.25,-106.29,16.39,1.13,80.64,13.5,0,99.79,99.98,59,33735.96,45260.49,0,0,0,0,39.18,28.17
3/5/22,DTL01005,DTL01005_2A_1,308765,11,308754,0,99.99,306318,16,99.96,283114,15,3191,1,99.89,643,99.93,2,19,0,63,10,0,587,0,158,0.21,0.04,-110.85,-106.25,16.62,1.17,86.71,12.5,0,99.87,99.96,59,34989.18,52304.71,0,0,0,0,38.76,27.46
3/6/22,DTL01005,DTL01005_2A_1,296934,5,296929,0,99.99,292182,14,99.89,276140,14,2780,3,99.88,677,99.92,2,5,0,41,12,0,621,0,178,0.22,0.04,-110.75,-106.01,16.74,1.22,89.1,13.4,0,99.84,99.98,56,33560.75,47452.1,0,0,0,0,40.59,27.46
3/7/22,DTL01005,DTL01005_2A_1,284177,4,284173,0,100,281761,7,99.89,259131,8,3641,4,99.89,588,100,0,10,0,15,0,0,577,2,140,0.15,0.04,-111.13,-106.46,17.57,1.28,76.59,21.81,0,99.71,99.96,55,27899.89,36158.54,0,0,0,0,35.54,33.02
3/8/22,DTL01005,DTL01005_2A_1,295246,6,295240,0,99.99,291354,11,99.91,270366,12,3675,3,99.87,692,99.97,1,12,0,44,3,0,578,75,148,0.15,0.04,-111.3,-106.49,19.58,1.13,110.29,14.49,0,99.79,99.98,59,39215.18,59744.03,0,0,0,0,40.49,30.95
3/9/22,DTL01005,DTL01005_2A_1,288916,7,288909,0,99.99,284814,16,99.94,264765,17,3695,2,99.86,724,99.88,4,44,0,19,16,0,672,55,161,0.14,0.04,-111.51,-105.67,19.98,1.19,108.92,12.94,0,99.89,99.86,57,40329.03,52780.5,0,0,0,0,38.88,27.78
2/7/22,DTL01005,DTL01005_2B_1,154989,4,154985,0,99.99,153361,4,100,144553,2,1846,0,99.93,191,99.88,2,3,0,18,6,0,168,0,31,0.05,0.01,-111.99,-101.33,22.44,2.04,52.84,8.95,0,99.94,99.97,32,15358.2,15928.1,0,0,0,0,18.57,12.67
2/8/22,DTL01005,DTL01005_2B_1,152016,5,152011,0,99.99,149849,3,99.94,142675,3,1793,1,99.89,321,100,0,0,0,20,2,0,289,4,79,0.09,0.01,-111.63,-100.88,22.89,1.94,56.28,7.74,0,99.91,99.91,32,20183.45,24793.88,0,0,0,0,19.86,10.39
2/9/22,DTL01005,DTL01005_2B_1,159306,10,159296,0,99.98,157265,16,99.98,150144,16,1845,0,99.91,265,99.94,1,4,0,17,0,0,251,0,63,0.1,0.01,-111.38,-101.51,23.85,1.86,53.78,7.09,0,99.87,99.92,32,18144.03,21335.03,0,0,0,0,18.73,11.14
2/10/22,DTL01005,DTL01005_2B_1,145891,7,145884,0,99.99,143859,11,99.99,137392,14,1722,0,99.91,236,100,0,4,0,13,0,0,227,0,59,0.06,0.01,-111.89,-101.54,24.34,1.91,61.37,7.79,0,99.85,99.97,30,19284.8,23824.59,0,0,0,0,19.38,10.69
2/11/22,DTL01005,DTL01005_2B_1,147018,1,147017,0,99.99,145642,10,99.99,138572,8,1861,0,99.91,251,100,0,2,0,14,12,0,227,0,55,0.09,0.01,-112.04,-101.58,21.85,1.96,59.93,8.43,0,99.64,99.94,31,19452.42,24243.17,0,0,0,0,21.41,11.95
2/12/22,DTL01005,DTL01005_2B_1,149364,9,149355,0,99.97,147752,35,99.91,141422,33,1574,1,99.91,260,99.93,1,2,0,25,3,0,232,0,66,0.1,0.01,-111.49,-100.92,21.84,1.91,55.33,7.73,0,99.91,99.93,31,20151.3,26473.29,0,0,0,0,20.68,10.75
2/13/22,DTL01005,DTL01005_2B_1,146941,10,146931,0,99.98,144581,23,99.98,141352,23,1266,0,99.89,305,100,0,2,0,21,2,0,282,0,85,0.12,0.01,-111.58,-101.22,22.8,2.05,54.12,8.1,0,99.84,99.91,30,19862.4,25518.48,0,0,0,0,20.16,12.02
2/14/22,DTL01005,DTL01005_2B_1,153212,4,153208,0,99.99,151555,18,99.94,144636,16,1955,1,99.88,339,100,0,6,0,18,0,0,327,0,80,0.1,0.01,-111.65,-101,23.88,2.12,59.72,9.15,0,99.97,99.87,33,20570.86,26248.18,0,0,0,0,20.01,12.06
2/15/22,DTL01005,DTL01005_2B_1,156393,0,156393,0,100,154142,4,100,148638,4,2070,0,99.88,347,100,0,21,0,14,0,0,354,0,83,0.07,0.02,-111.86,-100.99,21.76,2.2,61.26,10.3,0,99.97,99.97,34,21899.97,27674.87,0,0,0,0,21.25,13.82
2/16/22,DTL01005,DTL01005_2B_1,162278,0,162278,0,100,160914,7,99.95,153458,5,1973,1,99.91,264,100,0,4,0,14,2,0,232,0,62,0.08,0.01,-111.41,-101.21,22.48,2.07,62.83,9.42,0,99.91,99.92,35,20717.67,25634.95,0,0,0,0,21.47,13.61
2/17/22,DTL01005,DTL01005_2B_1,163414,6,163408,0,99.99,161570,6,99.95,153560,6,2238,1,99.86,439,100,0,15,0,8,4,0,437,2,120,0.1,0.01,-111.8,-101.43,21.8,2.02,65.78,10.94,0,99.95,99.85,36,23775.28,33109.02,0,0,0,0,23.44,14.45
2/18/22,DTL01005,DTL01005_2B_1,172522,5,172517,0,99.99,170564,5,99.95,162915,2,2225,1,99.91,305,100,0,2,0,18,0,0,280,5,83,0.09,0.01,-111.93,-101.3,21.15,2.12,67.08,14.4,0,99.97,99.93,37,21206.31,26556.56,0,0,0,0,23.78,18.21
2/19/22,DTL01005,DTL01005_2B_1,164582,12,164570,0,99.99,162721,11,99.87,154819,6,1676,2,99.86,425,100,0,5,0,23,0,0,405,0,112,0.14,0.01,-111.54,-101.23,21.21,2.26,60.13,10.38,0,99.89,99.95,34,23205.62,32090.5,0,0,0,0,22.78,13.51
2/20/22,DTL01005,DTL01005_2B_1,149224,4,149220,0,100,146703,1,100,142734,1,1233,0,99.85,438,99.91,1,4,0,18,5,0,419,0,149,0.1,0.01,-111.39,-101.4,22.4,1.88,64.57,8.39,0,99.89,99.91,31,25105.27,35308.71,0,0,0,0,23.06,11.56
2/21/22,DTL01005,DTL01005_2B_1,161704,7,161697,0,99.99,159027,4,99.94,155474,3,2049,1,99.86,428,100,0,4,0,17,0,0,411,0,128,0.09,0.02,-111.79,-101.95,23.35,2.07,69.11,9.43,0,99.87,99.93,35,30552.54,38361.83,0,0,0,0,24.1,13.86
2/22/22,DTL01005,DTL01005_2B_1,168593,1,168592,0,100,168151,5,99.95,158361,3,2281,1,99.92,257,100,0,1,0,19,2,0,233,0,73,0.07,0.02,-111.63,-102.46,23.2,1.63,64.65,9.33,0,99.8,99.93,35,24724.39,30742.62,0,0,0,0,22.28,15.01
2/23/22,DTL01005,DTL01005_2B_1,176610,3,176607,0,99.99,175336,8,99.99,166544,8,2372,0,99.91,307,100,0,1,0,3,0,0,301,0,97,0.1,0.01,-111.8,-102.01,22.17,2,68.53,10.12,0,99.94,99.84,37,24373.46,28358.76,0,0,0,0,23.18,15.01
2/24/22,DTL01005,DTL01005_2B_1,174525,6,174519,0,99.99,172730,3,99.95,165464,2,2388,1,99.91,311,100,0,6,0,5,0,0,309,0,100,0.08,0.01,-111.92,-101.63,22.34,1.95,72.71,11.44,0,99.83,99.91,37,25954.77,30057.09,0,0,0,0,24.32,14.96
2/25/22,DTL01005,DTL01005_2B_1,173554,2,173552,1,100,171350,4,99.87,164716,4,2321,3,99.91,296,100,0,0,0,14,2,0,278,0,80,0.07,0.02,-111.78,-101.5,22.17,2.34,71.46,13.26,0,99.88,99.85,37,26784.79,27520.75,0,0,0,0,24.59,17.04
2/26/22,DTL01005,DTL01005_2B_1,181541,4,181537,0,100,179802,5,100,172825,4,1641,0,99.91,295,100,0,0,0,8,0,0,285,0,87,0.11,0.25,-111.57,-101.51,22.77,1.77,75.41,10.45,0,99.88,99.88,36,26473.48,29706.18,0,0,0,0,25.72,14.32
2/27/22,DTL01005,DTL01005_2B_1,162310,3,162307,0,100,159359,5,100,155857,1,1352,0,99.91,272,100,0,0,0,12,2,0,255,0,80,0.09,0.01,-111.76,-102.93,19.54,1.76,64.73,10.2,0,99.86,99.96,33,24029.55,27218.98,0,0,0,0,24.06,16.46
2/28/22,DTL01005,DTL01005_2B_1,171117,3,171114,0,99.99,170152,10,99.91,160545,5,2393,2,99.92,260,99.91,2,6,0,7,0,0,242,10,55,0.08,0.01,-111.66,-101.72,26.24,1.86,82.32,9.58,0,99.91,99.88,36,33596.24,36836.09,0,0,0,0,24.5,13.94
3/1/22,DTL01005,DTL01005_2B_1,169551,2,169549,0,100,168871,4,100,160032,5,2172,0,99.91,303,100,0,5,0,14,0,0,294,0,84,0.12,0.02,-111.47,-101.78,23.72,1.87,67.02,8.35,0,99.93,100,34,24233.04,27395.07,0,0,0,0,21.65,12.39
3/2/22,DTL01005,DTL01005_2B_1,172612,1,172611,0,99.99,171403,10,99.91,162767,9,2341,2,99.9,338,100,0,2,0,6,0,0,326,0,110,0.13,0.01,-111.9,-102.04,22.17,1.95,71.71,11.62,0,99.71,99.91,36,24437.65,29885.19,0,0,0,0,23.3,15.93
3/3/22,DTL01005,DTL01005_2B_1,172243,2,172241,0,99.99,171539,7,99.86,162691,3,2279,3,99.93,231,100,0,13,0,13,3,0,223,0,47,0.08,0.01,-111.72,-101.78,21.98,2.23,65.98,11.65,0,99.87,99.94,36,20211.5,22757.7,0,0,0,0,20.98,14.64
3/4/22,DTL01005,DTL01005_2B_1,182470,7,182463,1,99.99,183853,6,99.99,172058,3,2370,0,99.9,357,100,0,6,0,27,0,0,331,0,100,0.12,0.01,-111.65,-101.47,24.08,1.9,80.33,10.35,0,99.9,99.89,38,28999.57,35242.33,0,0,0,0,24.44,13.37
3/5/22,DTL01005,DTL01005_2B_1,181439,9,181430,0,99.99,181627,14,99.87,171656,10,1692,2,99.89,378,100,0,5,0,27,3,0,353,0,116,0.23,0.01,-111.17,-103.44,21.82,1.72,63.55,9.27,0,99.39,99.86,36,27991.59,31570.44,0,0,0,0,23.32,18.05
3/6/22,DTL01005,DTL01005_2B_1,179729,2,179727,0,99.99,179167,10,99.86,171866,7,1437,2,99.83,587,100,0,4,0,23,16,0,552,0,173,0.19,0.02,-111.18,-102.76,20.46,1.67,71.82,9.96,0,98.27,99.86,37,29707.23,37742.3,0,0,0,0,25.29,16.08
3/7/22,DTL01005,DTL01005_2B_1,174041,6,174035,0,99.99,173086,6,99.94,163669,4,2027,1,99.9,332,100,0,1,0,24,5,0,298,2,73,0.12,0.02,-111.66,-102.33,20.25,1.75,58.23,10.76,0,99.79,99.94,36,19760.72,20709.83,0,0,0,0,21.45,14.81
3/8/22,DTL01005,DTL01005_2B_1,173866,6,173860,1,99.99,174312,7,99.95,162325,4,2285,1,99.87,415,100,0,2,0,20,1,0,359,35,112,0.08,0.01,-111.99,-102.69,21.85,1.59,67.57,8.95,0,99.87,99.87,38,25785.32,28684.13,0,0,0,0,23.96,14.12
3/9/22,DTL01005,DTL01005_2B_1,174471,3,174468,0,99.99,172812,9,99.99,163810,10,2317,0,99.9,336,100,0,3,0,6,1,0,313,19,90,0.11,0.01,-111.65,-102.48,20.97,1.99,71.2,11.83,0,99.87,99.97,37,23766.6,26526.05,0,0,0,0,22.72,15.63
2/7/22,DTL01005,DTL01005_2C_1,246160,10,246150,0,99.99,242138,3,99.89,221317,3,3133,3,99.85,652,99.96,1,125,0,40,3,0,725,4,102,0.13,0.04,-111.02,-106.98,16.38,0.92,58.28,7.77,0,99.84,99.88,45,22425.92,31163.82,0,0,0,0,31.63,20.96
2/8/22,DTL01005,DTL01005_2C_1,246500,7,246493,0,99.99,242643,13,99.96,221070,13,2895,1,99.89,494,99.92,2,10,0,49,6,0,439,2,113,0.18,0.05,-111.48,-107.1,16.39,0.91,65.2,8.12,0,99.71,99.88,46,27922.93,40966.98,0,0,0,0,34.57,22.64
2/9/22,DTL01005,DTL01005_2C_1,252768,17,252751,0,99.99,249351,5,99.93,225770,10,3179,2,99.9,470,99.96,1,12,0,49,9,0,406,0,97,0.17,0.05,-111.21,-107.63,17.93,0.96,58.55,8.65,0,99.77,99.9,46,23234.72,31840.56,0,0,0,0,30.92,24.37
2/10/22,DTL01005,DTL01005_2C_1,250791,20,250771,0,99.98,247799,21,99.92,224099,12,3095,2,99.91,388,99.96,1,10,0,26,12,0,348,0,92,0.12,0.04,-111.21,-107.51,16.93,0.92,56.23,8.51,0,99.73,99.98,46,21305,27465.92,0,0,0,0,30.88,22.8
2/11/22,DTL01005,DTL01005_2C_1,251628,4,251624,0,99.99,249472,10,99.96,222507,8,2916,1,99.88,556,100,0,83,0,47,4,0,583,0,86,0.2,0.04,-111.11,-107.79,17.34,0.92,61.83,8.06,0,99.76,99.93,46,22639.54,33974.34,0,0,0,0,34.7,23
2/12/22,DTL01005,DTL01005_2C_1,255214,9,255205,1,99.99,250685,15,99.99,228196,15,2388,0,99.89,488,99.95,1,35,0,43,0,0,473,0,102,0.13,0.03,-111.33,-107.39,22.4,1.07,100.44,10.37,0,99.89,99.87,47,40166.52,49687.28,0,0,0,0,36.77,25.21
2/13/22,DTL01005,DTL01005_2C_1,253055,8,253047,0,99.99,247458,10,99.99,234665,13,1974,0,99.93,330,100,0,15,0,46,0,0,295,0,74,0.13,0.04,-111.09,-106.98,22.04,1.19,81.92,9.71,0,99.86,99.89,45,29587.27,40866.44,0,0,0,0,31.33,22.4
2/14/22,DTL01005,DTL01005_2C_1,245577,4,245573,0,99.99,242109,11,99.89,221405,9,3058,3,99.9,460,100,0,46,0,45,0,0,461,0,92,0.17,0.04,-111.43,-106.88,18.94,1.12,71.07,10.22,0,99.86,99.93,46,24687.87,33323.77,0,0,0,0,32.05,23.52
2/15/22,DTL01005,DTL01005_2C_1,260551,3,260548,0,99.99,257482,21,99.85,236089,16,3439,5,99.91,431,99.97,1,18,0,52,5,0,386,0,79,0.17,0.03,-111.46,-106.8,17.9,1.26,69.31,11.95,0,99.85,99.93,49,24644.77,33059.47,0,0,0,0,32.34,25.53
2/16/22,DTL01005,DTL01005_2C_1,257256,7,257249,0,99.99,254807,7,99.96,226504,5,2943,1,99.88,575,100,0,11,0,22,8,0,544,0,103,0.18,0.04,-111.08,-107.68,14.67,1.12,64.03,11.88,0,99.81,99.98,49,23144.33,29812.18,0,0,0,0,34.13,26.95
2/17/22,DTL01005,DTL01005_2C_1,246163,9,246154,0,99.99,242470,12,99.96,215551,10,3116,1,99.63,1643,99.96,1,10,0,32,5,0,1614,0,76,0.15,0.05,-111.29,-107.4,17.77,0.92,70.79,8.79,0,99.83,99.97,47,28410.14,38531.39,0,0,0,0,34.93,23.57
2/18/22,DTL01005,DTL01005_2C_1,283106,2,283104,0,99.99,279583,13,99.94,248817,10,3991,2,99.91,435,99.97,1,18,0,47,0,0,393,4,93,0.15,0.04,-111.25,-106.73,17.88,1.23,67.3,11.54,0,99.79,100,53,28428.07,41616.55,0,0,0,0,32.15,25.68
2/19/22,DTL01005,DTL01005_2C_1,273704,5,273699,0,100,268095,8,100,245901,6,2644,0,99.88,598,100,0,9,0,34,10,0,559,0,144,0.17,0.03,-111.22,-106.57,17.63,1.25,78.38,11.24,0,99.68,99.94,49,34732.39,49595.49,0,0,0,0,37.01,23.74
2/20/22,DTL01005,DTL01005_2C_1,255989,6,255983,1,100,249868,3,99.94,231035,4,1890,1,99.92,391,100,0,21,0,33,2,0,375,0,80,0.15,0.03,-110.99,-107.64,17.45,1.02,70.79,9.76,0,99.88,99.97,46,25357.49,33278.63,0,0,0,0,32.74,25.29
2/21/22,DTL01005,DTL01005_2C_1,236973,4,236969,0,99.99,232628,11,99.86,214574,8,3027,4,99.9,426,100,0,23,0,26,2,0,418,1,85,0.14,0.05,-111.3,-107.27,23.03,1.09,109.82,10.1,0,99.81,99.92,45,39771.97,53507.5,0,0,0,0,38.52,23.55
2/22/22,DTL01005,DTL01005_2C_1,235130,4,235126,0,100,230511,4,99.87,211556,5,3132,4,99.91,392,100,0,21,0,22,4,0,385,0,76,0.12,0.03,-111.29,-106.92,18.14,1.42,59.24,12.03,0,99.85,100,45,23697.84,32587.41,0,0,0,0,31.54,24.55
2/23/22,DTL01005,DTL01005_2C_1,257541,30,257511,0,99.98,252764,24,99.86,230890,26,3389,4,99.89,520,100,0,9,0,42,2,0,482,2,119,0.16,0.06,-111.38,-106.45,18.2,1.19,63.93,9.32,0,99.92,99.91,49,24318.1,31665.46,0,0,0,0,32.79,21.81
2/24/22,DTL01005,DTL01005_2C_1,253635,6,253629,0,99.99,250182,8,99.94,226255,7,3424,2,99.89,518,99.97,1,14,0,31,5,0,496,0,128,0.16,0.04,-111.17,-106.66,17.65,1.2,63.44,9.67,0,99.86,99.98,47,25999.32,35302.72,0,0,0,0,32.72,21.75
2/25/22,DTL01005,DTL01005_2C_1,257216,7,257209,1,99.99,253286,11,99.93,229563,9,3464,2,99.91,434,99.97,1,17,0,42,5,0,402,0,97,0.12,0.05,-111.36,-107.23,17.15,1.19,67.36,11.23,0,99.88,99.98,50,23340.15,31096.8,0,0,0,0,33.48,26.92
2/26/22,DTL01005,DTL01005_2C_1,259098,13,259085,0,99.99,254306,9,99.79,230976,7,2552,5,99.89,522,100,0,49,0,36,6,0,526,0,122,0.12,0.05,-111.21,-107.1,18.22,1.36,80.72,12.67,0,99.83,99.98,48,27422.22,39041.19,0,0,0,0,34.38,26.65
2/27/22,DTL01005,DTL01005_2C_1,249766,6,249760,0,100,244791,4,100,226239,3,1965,0,99.9,457,100,0,4,0,30,2,0,426,0,112,0.15,0.04,-110.76,-107.53,18.05,1.41,70.63,12.07,0,99.86,99.95,45,26677.13,35032.16,0,0,0,0,33.29,25.9
2/28/22,DTL01005,DTL01005_2C_1,249782,9,249773,0,99.99,247020,13,99.99,221994,9,3298,0,99.87,594,99.86,4,66,0,26,8,0,614,7,124,0.14,0.04,-111.06,-106.97,16.98,1.3,58.27,10.93,0,99.89,99.91,47,22663.27,28316.25,0,0,0,0,32.54,23.74
3/1/22,DTL01005,DTL01005_2C_1,252643,9,252634,0,99.99,250090,12,99.96,224591,11,3142,1,99.93,300,100,0,7,0,15,2,0,288,0,60,0.16,0.05,-110.75,-107.22,17.2,0.93,61.56,8.59,0,99.85,99.98,45,22210.66,29198.85,0,0,0,0,31.09,21.52
3/2/22,DTL01005,DTL01005_2C_1,246087,8,246079,0,99.99,242978,13,99.96,220078,11,3272,1,99.92,364,99.97,1,10,0,14,7,0,353,0,103,0.16,0.05,-111.06,-107.77,16.49,0.97,55.11,9.09,0,99.76,99.94,45,17325.59,21671.78,0,0,0,0,30.83,28.06
3/3/22,DTL01005,DTL01005_2C_1,261250,7,261243,1,99.98,258358,32,99.87,233099,20,3536,4,99.92,382,99.97,1,7,0,31,7,0,342,0,98,0.17,0.07,-111.05,-106.65,17.25,1.04,65.76,10.62,0,99.85,99.94,50,23950.82,32689.94,0,0,0,0,33.81,24.89
3/4/22,DTL01005,DTL01005_2C_1,254819,3,254816,0,100,252977,10,99.97,228538,10,3373,1,99.9,470,100,0,16,0,29,4,0,449,0,118,0.19,0.04,-110.91,-106.79,16.7,1.08,60.67,9.3,0,99.88,99.94,47,22399.42,29339.12,0,0,0,0,37.36,21.86
3/5/22,DTL01005,DTL01005_2C_1,250152,10,250142,0,99.99,246455,9,99.95,229604,9,2395,1,99.89,503,99.95,1,14,0,26,7,0,482,0,141,0.2,0.06,-110.9,-107.27,16.47,1.19,63.79,11.04,0,99.85,99.98,45,23945.2,32346.2,0,0,0,0,33.77,24.43
3/6/22,DTL01005,DTL01005_2C_1,269100,6,269094,1,99.99,264122,11,99.9,247937,9,2232,2,99.93,364,100,0,8,0,17,0,0,355,0,87,0.21,0.05,-110.59,-108.08,16.78,1.08,62.36,9.61,0,99.8,99.98,46,23100.64,32681.56,0,0,0,0,33.52,24.2
3/7/22,DTL01005,DTL01005_2C_1,249884,5,249879,1,99.99,246885,7,99.75,224637,7,3240,8,99.89,505,99.96,1,9,0,23,7,0,482,2,135,0.29,0.06,-111.01,-107.01,16.72,1.05,58.1,10.37,0,99.77,99.88,46,20805.69,28109.3,0,0,0,0,31.61,23.07
3/8/22,DTL01005,DTL01005_2C_1,258143,13,258130,6,99.99,254572,11,99.99,232139,11,3096,0,99.9,492,99.96,1,6,0,10,3,0,429,45,121,0.19,0.06,-111.22,-107.61,17.37,0.91,65.33,8.82,0,99.82,99.98,47,22085.78,30006.36,0,0,0,0,32.72,22.36
3/9/22,DTL01005,DTL01005_2C_1,264496,9,264487,0,99.99,260696,13,99.96,240204,13,3328,1,99.89,543,99.97,1,8,0,23,2,0,483,39,133,0.27,0.06,-111.35,-107.79,16.19,1.02,72.67,10.23,0,99.88,99.96,50,26153.85,37014.62,0,0,0,0,35.73,25.73
2/7/22,DTL01005,DTL01005_3A_1,39590,0,39590,0,99.99,39432,3,99.99,38540,3,775,0,99.65,266,100,0,75,0,6,0,0,335,0,27,0.04,0,-113.97,-99.51,30.97,2.58,24.95,4.78,0,99.91,100,14,7425.5,8711.53,28116,0,0,28111,20.62,5.46
2/8/22,DTL01005,DTL01005_3A_1,44735,1,44734,0,100,44668,0,100,43019,0,782,0,99.88,100,100,0,20,0,0,0,0,120,0,18,0.07,0,-114.01,-99.87,31.1,2.17,30.82,4.83,0,99.92,100,16,9239.32,9863.61,25303,0,0,25298,22.49,6.24
2/9/22,DTL01005,DTL01005_3A_1,46035,1,46034,0,100,45844,0,100,44384,0,684,0,99.95,44,100,0,1,0,0,0,0,45,0,9,0.03,0,-113.99,-99.54,36.03,2.17,33.05,3.59,0,99.91,100,14,13375.27,15684.03,20966,0,0,20962,18.88,4.59
2/10/22,DTL01005,DTL01005_3A_1,39853,0,39853,0,100,39824,0,100,38530,0,747,0,99.95,40,100,0,1,0,2,0,0,39,0,12,0.08,0,-113.63,-100.45,35.46,2.64,28.91,3.37,0,100,99.14,15,8208.97,8461.54,30826,0,0,30822,19.75,6.15
2/11/22,DTL01005,DTL01005_3A_1,37628,1,37627,0,99.99,37599,3,99.99,36406,3,699,0,99.94,46,100,0,0,0,4,0,0,42,0,13,0.09,0,-114.01,-99.64,36.77,3.32,28.49,3.52,0,99.82,100,14,8098.08,10001.15,26347,0,0,26343,18.12,5.45
2/12/22,DTL01005,DTL01005_3A_1,48665,0,48665,0,100,48256,2,100,47433,2,684,0,99.95,45,100,0,0,0,2,0,0,43,0,12,0.03,0,-113.95,-99.3,34.19,2.55,37.58,4.07,0,99.78,100,16,11095.49,11588.38,19876,0,0,19872,19.98,5.1
2/13/22,DTL01005,DTL01005_3A_1,47781,0,47781,0,100,47643,2,100,46474,2,555,0,99.89,98,100,0,0,0,10,0,0,86,0,27,0.03,0,-113.84,-99.66,32.94,2.83,37.5,4.73,0,99.9,100,17,10016.36,10136.4,26096,0,0,26091,21.82,6.15
2/14/22,DTL01005,DTL01005_3A_1,40123,0,40123,0,100,40048,2,99.99,38949,2,690,0,99.86,112,100,0,7,0,3,0,0,116,0,32,0.04,0,-114.26,-99.9,35.62,2.92,32.36,4.05,0,100,100,17,11374.34,14040.48,31806,0,0,31801,22.8,5.5
2/15/22,DTL01005,DTL01005_3A_1,32578,0,32578,0,100,32579,0,100,31640,0,693,0,99.89,70,100,0,17,0,0,0,0,85,0,13,0.03,0.01,-113.96,-99.28,34.33,2.22,19.52,2.11,0,99.88,100,15,5478.98,5099.47,38743,0,0,38733,20.78,3.76
2/16/22,DTL01005,DTL01005_3A_1,31230,0,31230,0,100,31235,0,100,30399,0,525,0,99.88,74,100,0,0,0,2,0,0,72,0,17,0.04,0,-114.04,-99.28,32.24,2.54,22.49,2.29,0,99.74,100,15,10409.05,11128.56,39051,0,0,39051,22.87,4.01
2/17/22,DTL01005,DTL01005_3A_1,31275,0,31275,0,99.99,30971,2,99.99,30123,2,622,0,99.81,116,100,0,10,0,4,0,0,122,0,22,0.04,0,-113.91,-99.63,30.35,2.23,22.32,2.57,0,99.86,100,15,8844.94,9833.4,38088,0,0,38083,22.17,4.76
2/18/22,DTL01005,DTL01005_3A_1,30533,0,30533,0,100,30349,0,100,29514,0,551,0,99.9,57,100,0,0,0,4,0,0,50,2,10,0.03,0,-114.15,-99.15,31.71,3.49,24.04,5.51,0,100,100,16,6347.73,5520.68,42726,0,0,42721,22.98,7.12
2/19/22,DTL01005,DTL01005_3A_1,44847,0,44847,1,100,44409,0,100,43528,0,717,0,99.84,135,100,0,10,0,4,0,0,140,0,31,0.04,0,-114.13,-99.42,30.91,3.26,37.93,5.91,0,99.7,100,17,11117.54,10656.02,29086,0,0,29081,23.22,7
2/20/22,DTL01005,DTL01005_3A_1,27709,0,27709,0,100,27487,1,99.99,26945,2,331,0,99.75,136,100,0,14,0,2,0,0,148,0,34,0.11,0,-113.96,-99.67,39.09,2.32,26.22,2.81,0,100,100,14,10196.8,10098.14,45216,0,0,45211,22.73,5.06
2/21/22,DTL01005,DTL01005_3A_1,30453,1,30452,0,99.99,30406,1,99.99,29840,1,643,0,99.83,102,100,0,0,0,4,0,0,98,0,24,0.05,0,-114.15,-99.94,31.04,2.36,25.57,4.06,0,100,100,15,6806.71,7348.2,38082,0,0,38073,22.89,6.56
2/22/22,DTL01005,DTL01005_3A_1,26063,1,26062,0,99.99,26029,1,99.99,25185,1,504,0,99.91,43,100,0,0,0,0,0,0,43,0,5,0.01,0,-114.33,-99.91,36.34,2.77,22.05,2.77,0,99.86,100,15,7425.66,7662.43,45216,0,0,45212,21.9,5.05
2/23/22,DTL01005,DTL01005_3A_1,34323,0,34323,0,100,34312,1,100,33416,1,661,0,99.89,71,100,0,0,0,0,0,0,71,0,7,0.03,0.01,-114.22,-99.63,35.56,1.98,28.88,2.52,0,100,100,18,8056.34,8745.17,40385,0,0,40368,22.29,5.11
2/24/22,DTL01005,DTL01005_3A_1,36703,0,36703,0,100,36425,1,100,35272,1,678,0,99.78,152,100,0,1,0,4,0,0,147,0,11,0.06,0.01,-113.86,-99.25,37.89,2.15,30.73,2.89,0,100,100,19,9841.83,11358.6,40128,0,0,40123,24.1,5.44
2/25/22,DTL01005,DTL01005_3A_1,31464,0,31464,0,100,31335,1,100,30130,1,573,0,99.9,62,100,0,2,0,4,0,0,60,0,18,0.03,0,-113.84,-100,33.93,2.11,22.8,2.57,0,99.79,100,16,6401.28,6652.22,40975,0,0,40971,23.03,4.91
2/26/22,DTL01005,DTL01005_3A_1,32170,1,32169,0,100,32102,0,100,31352,0,455,0,99.9,64,100,0,1,0,0,0,0,65,0,18,0.09,0,-113.77,-99.46,33.75,2.58,25.47,2.86,0,100,100,15,15976.67,12246.56,39287,0,0,39283,22.78,4.97
2/27/22,DTL01005,DTL01005_3A_1,24434,1,24433,0,100,24725,0,100,23871,0,242,0,99.94,27,100,0,0,0,0,0,0,27,0,9,0.07,0,-113.65,-98.65,35.47,1.96,21.79,1.63,0,99.82,100,14,6292.01,5672.31,50206,0,0,50201,23.41,3.9
2/28/22,DTL01005,DTL01005_3A_1,28757,0,28757,0,100,28811,0,100,27397,0,551,0,99.98,10,100,0,0,0,0,0,0,8,2,3,0.03,0,-113.96,-99.47,30.75,1.91,16.18,1.81,0,99.88,100,14,5146.78,4533.74,42467,0,0,42462,21.1,3.57
3/1/22,DTL01005,DTL01005_3A_1,23336,0,23336,1,100,23372,0,100,22421,0,402,0,99.9,44,100,0,0,0,0,0,0,44,0,14,0.04,0,-114.26,-99.97,30.85,2.23,16.75,2.22,0,99.71,100,16,4412.97,5221.44,51995,0,0,51990,21.95,5.51
3/2/22,DTL01005,DTL01005_3A_1,31402,0,31402,0,100,31334,1,100,29867,1,610,0,99.93,42,100,0,1,0,6,0,0,37,0,11,0.03,0.02,-114.3,-99.45,29.51,1.89,22.62,2.29,0,99.79,100,14,5122.71,5841.94,39047,0,0,39042,21.12,3.96
3/3/22,DTL01005,DTL01005_3A_1,32656,1,32655,0,100,32445,0,100,31454,0,650,0,99.96,22,100,0,0,0,0,0,0,22,0,8,0.01,0.01,-114.13,-99.87,32.64,2.28,23.59,2.31,0,99.79,100,16,6489.68,6753.34,39407,0,0,39403,20.79,4.97
3/4/22,DTL01005,DTL01005_3A_1,30054,0,30054,0,99.99,30016,4,99.99,28948,4,608,0,99.91,50,100,0,1,0,0,0,0,51,0,13,0.08,0.01,-114.17,-99.98,30.37,2.81,18.65,2.49,0,99.8,100,14,5179.15,5265.11,38311,0,0,38311,20.84,4.38
3/5/22,DTL01005,DTL01005_3A_1,29776,0,29776,0,100,29791,0,100,28863,0,477,0,99.8,113,100,0,0,0,2,0,0,111,0,37,0.12,0.01,-114.11,-99.57,35.24,2.27,22.09,1.95,0,99.57,100,13,7180.29,7725.55,37997,0,0,37992,21.7,4.01
3/6/22,DTL01005,DTL01005_3A_1,33044,0,33044,0,100,32856,0,100,32365,0,378,0,99.91,58,100,0,2,0,0,0,0,60,0,15,0.07,0,-114.25,-99.1,38.35,3.14,39.96,4.59,0,99.64,100,14,13586.42,16288.27,33416,0,0,33412,23.38,5.92
3/7/22,DTL01005,DTL01005_3A_1,31280,0,31280,0,100,31098,0,100,30164,0,583,0,99.83,101,100,0,0,0,4,0,0,97,0,18,0.06,0.03,-113.84,-99.72,33.97,4.05,21.26,3.64,0,99.89,100,13,6041.44,6578.82,34736,0,0,34731,17.55,5.73
3/8/22,DTL01005,DTL01005_3A_1,28302,0,28302,0,99.99,28273,2,100,27390,1,516,0,99.94,33,100,0,0,0,0,0,0,32,0,13,0.04,0,-114.3,-100.09,36.49,2.68,29.61,2.91,0,99.88,100,16,10444.92,11952.28,44000,0,0,43992,25.97,5.74
3/9/22,DTL01005,DTL01005_3A_1,34831,1,34830,0,99.99,34708,1,99.99,33603,1,595,0,99.93,46,100,0,0,0,4,0,0,42,0,17,0.04,0,-114.11,-99.93,33.36,2.6,33.26,3.74,0,99.68,100,15,9526.74,10255.41,35757,0,0,35752,22.1,6.9
2/11/22,DTL01005,DTL01005_3B_1,15,0,15,0,100,15,0,,14,0,0,0,100,0,,0,0,0,0,0,0,0,0,0,0,0,-108,-97,21.19,1.59,0,0,0,,100,1,0,0,85932,0,0,85926,1.6,0.1
2/7/22,DTL01005,DTL01005_3C_1,50429,0,50429,0,100,50550,1,100,47530,1,914,0,99.95,48,100,0,1,0,1,0,0,48,0,14,0.04,0,-113.48,-99.37,32.03,2.3,25.31,2.7,0,100,100,18,6225.89,6395.44,27476,0,0,27472,21.85,4.54
2/8/22,DTL01005,DTL01005_3C_1,49018,0,49018,0,100,49279,1,100,46288,1,911,0,99.96,41,100,0,0,0,0,0,0,41,0,12,0.04,0.01,-113.52,-99.73,33.77,2.41,29.18,3.4,0,100,100,18,7020.77,6848.6,27060,0,0,27060,22.6,5.19
2/9/22,DTL01005,DTL01005_3C_1,46900,3,46897,0,99.99,47294,0,99.99,43535,0,871,0,99.96,39,100,0,1,0,2,0,0,36,0,7,0.03,0,-113.07,-99.57,33.93,2.74,22.29,2.79,0,99.95,100,16,5434.04,5253.57,25966,0,0,25962,19.14,4.17
2/10/22,DTL01005,DTL01005_3C_1,49476,1,49475,0,100,49744,0,100,45567,0,998,0,99.97,25,100,0,0,0,0,0,0,25,0,6,0.04,0,-113.49,-99.65,30.26,2.55,29.84,3.16,0,99.95,100,18,8145.49,8434,27602,0,0,27593,20.92,4.96
2/11/22,DTL01005,DTL01005_3C_1,48059,1,48058,0,100,48115,0,100,44696,0,1016,0,99.95,44,100,0,8,0,0,0,0,52,0,9,0.04,0,-113.04,-99.41,34,2.22,27.33,2.46,0,99.81,100,16,5764.04,6082.18,24170,0,0,24164,22.44,3.64
2/12/22,DTL01005,DTL01005_3C_1,44020,0,44020,0,100,44090,1,100,40831,1,565,0,99.94,49,100,0,1,0,0,0,0,49,0,9,0.07,0,-112.82,-99.85,31.34,2.1,24.18,2.4,0,100,100,15,6582,7206.55,27777,0,0,27772,22.95,4.46
2/13/22,DTL01005,DTL01005_3C_1,28323,1,28322,0,99.99,28100,1,100,27203,0,313,0,99.95,25,100,0,0,0,4,0,0,21,0,5,0.03,0,-112.77,-99.72,29.15,2.74,11.81,1.72,0,99.93,100,9,2903.29,2697.65,32486,0,0,32481,20.19,2.81
2/14/22,DTL01005,DTL01005_3C_1,48860,1,48859,0,100,49079,0,100,47011,0,990,0,99.91,84,100,0,18,0,2,0,0,100,0,18,0.06,0,-113.21,-99.57,33.47,3,26.94,3.25,0,99.9,100,17,7100.29,7693.89,29357,0,0,29352,22.44,5.51
2/15/22,DTL01005,DTL01005_3C_1,31451,0,31451,0,100,31596,1,100,30963,1,627,0,99.94,34,100,0,4,0,2,0,0,34,0,5,0.03,0,-113.19,-99.4,33.63,2.69,15.98,2.13,0,99.92,100,16,4487.35,4721.5,48342,0,0,48332,22.06,4.69
2/16/22,DTL01005,DTL01005_3C_1,46683,0,46683,0,100,46834,1,100,45473,1,923,0,99.94,50,100,0,0,0,6,0,0,40,0,10,0.03,0.01,-113.67,-99.43,28.2,2.74,23.59,3.37,0,99.94,100,18,6094.2,5167.53,31811,0,0,31811,24.4,5.14
2/17/22,DTL01005,DTL01005_3C_1,42717,0,42717,0,100,42807,0,100,41501,0,862,0,99.94,49,100,0,0,0,2,0,0,45,0,16,0.04,0.02,-113.76,-99.42,31.84,2.53,27.76,2.89,0,99.87,100,17,6985.78,6929.62,30523,0,0,30515,23.61,4.63
2/18/22,DTL01005,DTL01005_3C_1,35014,0,35014,0,100,35029,1,100,34225,1,724,0,99.89,70,100,0,24,0,2,0,0,92,0,7,0.02,0,-113.08,-99.44,33.1,2.81,20.52,2.57,0,100,99.5,16,6144.49,6577.03,40091,0,0,40091,25.71,4.77
2/19/22,DTL01005,DTL01005_3C_1,32965,0,32965,0,100,32820,0,100,31832,0,470,0,99.94,37,100,0,1,0,0,0,0,38,0,10,0.07,0,-113.1,-99.17,32.42,2.46,22.43,2.05,0,99.84,100,13,5970.72,6813.44,33294,0,0,33285,31.43,3.57
2/20/22,DTL01005,DTL01005_3C_1,24806,0,24806,0,100,24699,0,100,24266,0,251,0,99.95,23,100,0,0,0,0,0,0,23,0,5,0.06,0,-113.26,-99.57,31.76,2.5,15.72,1.75,0,100,100,10,3958.03,3529.85,38017,0,0,38013,21.56,3.3
2/21/22,DTL01005,DTL01005_3C_1,36399,2,36397,0,99.99,36466,0,99.99,34757,0,614,0,99.93,48,100,0,2,0,0,0,0,50,0,10,0.02,0.01,-113.84,-99.42,38.17,2.69,32.18,3.04,0,99.94,100,17,8630.38,11902.45,40726,0,0,40722,28.35,5.23
2/22/22,DTL01005,DTL01005_3C_1,26005,0,26005,0,100,26020,1,100,24889,1,509,0,99.76,118,100,0,6,0,0,2,0,122,0,15,0.04,0,-114,-99.76,33.24,2.28,18.24,1.71,0,99.83,100,15,4795.84,4914.89,48055,0,0,48051,22.11,4.32
2/23/22,DTL01005,DTL01005_3C_1,36741,0,36741,0,100,36790,1,100,34548,1,716,0,99.91,64,100,0,7,0,0,0,0,71,0,12,0.04,0,-113.96,-99.26,30.05,2.54,24.77,3.82,0,100,99.58,19,6003.72,6005.41,44596,0,0,44591,23.87,6.54
2/24/22,DTL01005,DTL01005_3C_1,38504,0,38504,0,100,38486,0,100,36424,0,731,0,99.93,52,100,0,0,0,0,0,0,52,0,14,0.06,0,-113.64,-99.26,29.74,2.52,22.3,2.84,0,99.87,100,19,5367.51,5320.23,44147,0,0,44142,24.7,5.38
2/25/22,DTL01005,DTL01005_3C_1,42125,1,42124,0,100,42084,1,100,39538,1,861,0,99.91,70,100,0,4,0,2,0,0,70,0,21,0.02,0,-113.49,-99.23,31.56,2.29,25.37,3.22,0,99.94,100,18,5563.69,5529.88,38147,0,0,38142,21.92,5.48
2/26/22,DTL01005,DTL01005_3C_1,36324,0,36324,0,100,36331,1,100,34017,1,493,0,99.93,45,100,0,0,0,1,0,0,44,0,12,0.04,0,-113.29,-99.6,30.95,2.56,23.05,2.89,0,99.79,100,16,5744.04,6561.25,39667,0,0,39662,27.3,5.37
2/27/22,DTL01005,DTL01005_3C_1,30473,0,30473,0,100,30376,0,100,28208,0,327,0,99.95,30,100,0,3,0,0,0,0,33,0,7,0.04,0,-113.14,-99.64,29.9,2.73,15.68,1.78,0,99.88,100,12,4634.45,4110.24,36631,0,0,36631,22.77,3.18
2/28/22,DTL01005,DTL01005_3C_1,38640,1,38639,0,100,38625,0,100,36935,0,805,0,99.96,29,100,0,1,0,0,0,0,28,2,6,0.02,0.01,-113.83,-99.64,31.65,2.78,21.07,2.75,0,99.88,100,17,4916.32,4687.58,38180,0,0,38170,21.41,5.03
3/1/22,DTL01005,DTL01005_3C_1,47295,1,47294,0,100,47230,0,100,44854,0,902,0,99.95,41,100,0,0,0,0,0,0,40,0,11,0.03,0,-113.68,-99.6,31.15,3.07,25.72,3.82,0,99.9,100,17,6802.89,7047.51,29751,0,0,29751,21.4,5.99
3/2/22,DTL01005,DTL01005_3C_1,48171,0,48171,0,100,48359,1,100,46406,1,945,0,99.9,93,100,0,0,0,0,0,0,93,0,25,0.05,0,-113.72,-99.1,35.02,2.51,33.58,3.16,0,100,100,19,8252.01,8372.22,33137,0,0,33132,22.79,5.08
3/3/22,DTL01005,DTL01005_3C_1,54431,0,54431,0,100,54635,1,100,51513,1,1078,0,99.92,85,100,0,4,0,0,0,0,87,0,18,0.03,0.01,-113.75,-99.2,30.79,3.48,34.52,5.06,0,99.95,100,21,8196.09,8060.89,31531,0,0,31522,24.95,6.68
3/4/22,DTL01005,DTL01005_3C_1,47582,0,47582,0,99.99,47750,3,99.99,45261,3,907,0,99.95,44,100,0,1,0,0,0,0,45,0,13,0.07,0,-113.54,-99.61,28.53,2.57,27.21,3.08,0,100,100,19,7769.36,7890.01,34936,0,0,34932,34.78,5.43
3/5/22,DTL01005,DTL01005_3C_1,39030,1,39029,0,99.99,39037,1,99.99,37971,1,552,0,99.95,40,100,0,0,0,0,0,0,40,0,11,0.03,0,-113.57,-99.36,31.02,2.54,24.77,2.41,0,99.95,100,15,8605.86,11125.47,36751,0,0,36751,24.67,4.27
3/6/22,DTL01005,DTL01005_3C_1,33519,0,33519,0,100,33478,0,100,31406,0,315,0,99.91,58,100,0,0,0,0,0,0,58,0,17,0.08,0,-113.31,-99.67,29.27,3.54,20.62,3.35,0,99.89,100,11,5364.82,4887.57,28586,0,0,28581,23.63,4.6
3/7/22,DTL01005,DTL01005_3C_1,46399,1,46398,0,100,46842,0,100,44371,0,952,0,99.94,53,100,0,0,0,4,0,0,47,2,14,0.04,0.01,-113.7,-99.33,33.65,2.56,29.04,2.93,0,99.89,100,16,6553.81,6749.28,28656,0,0,28652,21.8,4.41
3/8/22,DTL01005,DTL01005_3C_1,49094,0,49094,0,100,49279,0,99.9,46827,0,987,1,99.96,37,100,0,0,0,0,0,0,37,0,9,0.02,0,-113.7,-99.61,32.86,2.55,29.52,3.87,0,99.73,100,19,6819.53,7310.25,30641,0,0,30633,22.74,5.93
3/9/22,DTL01005,DTL01005_3C_1,50842,0,50842,0,100,51101,0,100,49254,0,1010,0,99.97,31,100,0,0,0,0,0,0,31,0,7,0.06,0,-113.94,-99.41,31.45,2.46,30.99,4.14,0,99.95,100,19,7834.69,7654.66,29941,0,0,29941,25.19,5.91
2/7/22,DTL01005,DTL01005_7A_1,69933,50,69883,5,99.86,67405,42,99.76,60129,35,997,1,99.51,680,100,0,12,0,150,20,0,513,1,166,0.59,0.24,-110.07,-108.67,6.6,0.23,53.63,5.57,0,99.59,99.61,27,10378.03,19520.08,0,0,0,0,32.74,23.92
2/8/22,DTL01005,DTL01005_7A_1,71477,102,71375,4,99.74,69737,79,99.57,62816,53,1037,2,99.39,870,99.82,3,36,0,289,8,0,595,2,193,0.63,0.34,-110.4,-108.48,5.35,0.19,46.25,5.64,0,99.64,99.9,27,8704.29,14105.98,0,0,0,0,33.69,24.91
2/9/22,DTL01005,DTL01005_7A_1,70698,156,70542,7,99.7,68527,51,99.73,61346,27,1062,0,99.38,876,99.94,1,100,0,175,33,0,765,0,200,0.56,0.25,-110.61,-108.61,5.47,0.25,52.6,5.79,0,99.7,99.3,28,9512.28,16764.61,0,0,0,0,38.44,24.05
2/10/22,DTL01005,DTL01005_7A_1,80701,94,80607,0,99.79,77969,70,99.64,69631,42,1373,2,99.2,1286,99.89,2,258,0,189,25,0,1320,0,228,0.57,0.23,-110.51,-108.59,5.81,0.24,57.28,6.13,0,99.71,99.47,30,10509.07,18711.21,0,0,0,0,39.56,25.59
2/11/22,DTL01005,DTL01005_7A_1,88728,176,88552,0,99.67,86560,113,99.73,77978,54,1411,0,99.26,1312,99.9,2,186,0,380,17,0,1090,0,217,0.76,0.3,-110.68,-109.26,5.13,0.2,54.89,7.09,0,99.75,99.85,31,10360.91,18168.09,0,0,0,0,40.47,29.69
2/12/22,DTL01005,DTL01005_7A_1,83561,317,83244,4,99.29,81082,262,99.12,72806,187,898,2,98.25,2873,99.76,3,58,0,1386,116,0,1352,0,583,0.65,0.79,-110.47,-110.49,5.17,0.08,49.19,6.49,0.03,99.32,98.11,31,9465.76,15351.74,0,0,0,0,37.64,31.48
2/13/22,DTL01005,DTL01005_7A_1,54444,41,54403,0,99.86,52650,32,99.72,46578,26,681,1,99.54,502,100,0,24,0,114,17,0,389,0,116,0.55,0.15,-111.1,-108.19,7.64,0.39,38.64,4.88,0,99.48,99.71,22,7155.74,10056.02,0,0,0,0,26.6,17.72
2/14/22,DTL01005,DTL01005_7A_1,58444,47,58397,1,99.85,56889,41,99.73,49555,33,919,1,99.28,844,100,0,108,0,142,38,0,758,0,166,0.49,0.12,-110.75,-107.36,7.28,0.33,38.63,4.9,0,99.68,99.15,25,7980.55,12059.82,0,0,0,0,26.25,18.16
2/15/22,DTL01005,DTL01005_7A_1,63482,56,63426,3,99.87,62506,25,99.77,53361,17,1086,1,98.98,1307,100,0,178,0,191,50,0,1235,0,302,0.72,0.22,-110.64,-107.63,5.59,0.27,52.75,5.98,0,99.51,98.61,29,8358.94,15825.09,0,0,0,0,36.77,21.98
2/16/22,DTL01005,DTL01005_7A_1,76586,97,76489,1,99.79,74771,63,99.7,65110,48,1116,1,99.18,1258,100,0,61,0,324,38,0,944,0,310,0.88,0.34,-110.66,-108.85,4.67,0.23,62.37,7.79,0,99.58,99.39,33,11632.84,22144.56,0,0,0,0,42.85,29.98
2/17/22,DTL01005,DTL01005_7A_1,86412,72,86340,4,99.83,83991,73,99.79,73776,36,1323,2,99.5,858,99.95,1,38,0,215,17,0,643,4,210,0.49,0.17,-110.63,-108.46,6.18,0.28,57.66,6.83,0,99.78,99.87,35,13033.27,19740.46,0,0,0,0,37.41,25.82
2/18/22,DTL01005,DTL01005_7A_1,56665,27,56638,4,99.91,55307,19,99.92,47368,13,941,0,99.57,497,100,0,29,0,95,14,0,410,2,112,0.5,0.17,-110.5,-106.98,6.79,0.38,37.93,4.66,0,99.76,99.9,26,8048.68,11248.74,0,0,0,0,27.41,16.84
2/19/22,DTL01005,DTL01005_7A_1,81409,257,81152,2,99.44,79056,188,99.35,70773,147,981,1,98.08,3108,99.92,1,164,0,1454,114,0,1603,0,611,0.54,0.55,-110.88,-109.93,5.91,0.07,45.5,5.77,0,99.51,98.37,32,9908.18,13781.16,0,0,0,0,32.05,27.11
2/20/22,DTL01005,DTL01005_7A_1,69405,38,69367,1,99.91,67410,22,99.75,56995,20,725,1,99.46,735,99.73,3,86,0,135,11,0,664,0,161,0.76,0.18,-110.72,-108.81,6.42,0.36,48.07,5.73,0,99.43,99.72,27,9644.5,15424.79,0,0,0,0,31.34,20.2
2/21/22,DTL01005,DTL01005_7A_1,69161,46,69115,1,99.88,67246,33,99.79,57125,25,1127,1,99.46,738,99.81,3,128,0,96,10,0,746,3,145,0.75,0.18,-110.8,-107.76,6.59,0.42,56.42,7.52,0,99.65,99.84,30,11095.64,19186.88,0,0,0,0,35.15,22.28
2/22/22,DTL01005,DTL01005_7A_1,84089,98,83991,3,99.8,82470,70,99.73,70342,52,1356,1,99.54,759,99.85,3,21,0,233,13,0,530,0,199,0.77,0.21,-110.64,-108.21,4.97,0.24,59.24,6.07,0,99.51,99.89,34,8556.57,19621.29,0,0,0,0,40.69,23.04
2/23/22,DTL01005,DTL01005_7A_1,73243,53,73190,0,99.88,71302,33,99.67,60829,31,1317,2,99.06,1362,100,0,358,0,189,44,0,1476,2,171,0.59,0.25,-110.78,-108.26,6.32,0.31,57.4,7.07,0,99.54,99.37,32,10105.71,16720.39,0,0,0,0,38.09,25.51
2/24/22,DTL01005,DTL01005_7A_1,69011,66,68945,4,99.84,67505,40,99.76,59027,26,1151,2,99.18,1139,99.94,1,101,0,289,69,0,871,0,248,0.63,0.28,-110.53,-108.66,5.86,0.23,53.52,6.06,0,99.58,98.22,31,9386.39,18581.35,0,0,0,0,34.98,24.41
2/25/22,DTL01005,DTL01005_7A_1,73156,129,73027,3,99.71,71772,81,99.62,62094,60,1008,1,99.08,1344,99.88,2,25,0,475,61,0,802,0,326,0.65,0.25,-110.63,-108.35,5.24,0.18,54.76,6.56,0,99.42,98.86,31,9223.97,17459.14,0,0,0,0,37.61,27.13
2/26/22,DTL01005,DTL01005_7A_1,64772,57,64715,1,99.86,63308,32,99.73,54702,27,767,1,99.61,507,99.92,1,20,0,95,19,0,398,0,120,0.68,0.26,-110.03,-108.02,5.89,0.33,45.8,6.18,0,99.74,99.74,28,8948.06,15314.5,0,0,0,0,33.03,22.42
2/27/22,DTL01005,DTL01005_7A_1,64913,57,64856,3,99.85,63122,34,99.71,53810,25,690,1,99.5,649,99.91,1,42,0,126,17,0,537,0,179,0.62,0.2,-109.92,-107.33,6.29,0.36,44.16,5.66,0,99.36,99.78,26,8326.75,13450.58,0,0,0,0,30.53,20.03
2/28/22,DTL01005,DTL01005_7A_1,70930,86,70844,4,99.81,69252,43,99.63,60137,31,1131,2,99.26,1049,99.7,5,94,0,271,24,0,826,8,242,0.6,0.28,-109.61,-107.94,6.13,0.2,45.49,5.52,0,99.54,99.48,31,9354.54,15948.73,0,0,0,0,30.59,23.91
3/1/22,DTL01005,DTL01005_7A_1,78056,73,77983,0,99.85,76567,45,99.58,66996,36,1193,3,99.32,1065,99.88,2,111,0,240,27,0,893,0,237,0.6,0.38,-109.8,-108.47,6.31,0.26,46.93,6.58,0,99.22,99.7,32,9815,16814.36,0,0,0,0,30.76,23.6
3/2/22,DTL01005,DTL01005_7A_1,81409,81,81328,4,99.82,79905,60,99.83,68216,45,1042,0,99.39,992,99.94,1,21,0,298,51,0,649,0,249,0.68,0.22,-110.2,-107.7,5.82,0.2,62.53,5.97,0,99.57,99.48,33,9360.77,19604.59,0,0,0,0,37.98,24.71
3/3/22,DTL01005,DTL01005_7A_1,69249,119,69130,3,99.72,67678,69,99.52,57389,61,1020,2,99.27,1005,99.88,2,30,0,301,25,0,698,0,266,0.7,0.33,-109.77,-109.01,5.07,0.22,46.53,6.42,0,99.66,99.54,30,8972.09,15449.81,0,0,0,0,35.41,25.88
3/4/22,DTL01005,DTL01005_7A_1,71250,44,71206,2,99.89,70242,32,99.9,60628,19,1171,0,99.32,985,100,0,53,0,194,32,0,801,0,230,0.66,0.22,-110.32,-108.3,6.13,0.28,47.44,6.31,0,99.65,99.48,33,9565.08,16765.44,0,0,0,0,33.39,23.9
3/5/22,DTL01005,DTL01005_7A_1,74971,68,74903,1,99.86,73377,35,99.65,63715,29,995,2,99.46,816,99.8,3,52,0,160,17,0,671,0,219,0.59,0.28,-110.31,-108.14,5.84,0.29,51.59,6.39,0,99.61,99.67,32,9599.27,18444.35,0,0,0,0,34.84,23.63
3/6/22,DTL01005,DTL01005_7A_1,80357,56,80301,2,99.89,78290,27,99.89,68640,23,877,0,99.49,833,99.83,2,165,0,101,34,0,853,0,136,0.8,0.19,-110.67,-109.28,5.03,0.31,70.27,6.22,0,99.48,99.75,30,10137.39,22544.61,0,0,0,0,48.7,24.78
3/7/22,DTL01005,DTL01005_7A_1,92123,59,92064,31,99.86,89892,42,99.72,77897,31,1451,2,99.54,840,99.72,6,88,0,192,52,0,665,1,170,0.76,0.31,-110.71,-108.88,4.81,0.25,67.13,7.21,0,99.13,99.91,36,8851.57,23923.83,0,0,0,0,49.96,27.82
3/8/22,DTL01005,DTL01005_7A_1,79793,83,79710,19,99.82,78249,43,99.82,67685,32,1062,0,99.54,734,99.94,1,20,0,197,28,0,507,8,167,0.75,0.28,-110.11,-108.28,5.34,0.27,54.24,6.8,0,99.41,99.88,32,8833.92,17257.24,0,0,0,0,38.12,25.71
3/9/22,DTL01005,DTL01005_7A_1,72897,55,72842,1,99.88,70887,30,99.89,60613,18,1126,0,99.42,835,100,0,62,0,98,34,0,751,8,214,0.61,0.2,-110.13,-108.38,5.66,0.29,43.83,5.47,0,99.32,99.88,31,8896.08,13916.32,0,0,0,0,32.11,20.51
2/7/22,DTL01005,DTL01005_7A_2_F,10741,5,10736,1,99.9,10836,5,99.46,10188,3,219,1,99.88,44,100,0,0,0,12,0,0,32,0,17,0.06,0.01,-110.79,-104.25,16.46,1.02,36.93,4.59,0,96.36,99.82,8,8436.37,7414.58,0,0,0,0,16.53,9.93
2/8/22,DTL01005,DTL01005_7A_2_F,10454,11,10443,0,99.82,10540,8,99.82,9966,7,185,0,99.86,49,100,0,8,0,16,0,0,41,0,9,0.03,0,-110.33,-104.56,16.51,1.08,37.2,6.08,0,100,99.91,7,8952.57,7603.8,0,0,0,0,17.06,11.58
2/9/22,DTL01005,DTL01005_7A_2_F,9513,7,9506,0,99.88,9527,4,99.9,9037,2,160,0,99.91,31,100,0,2,0,14,0,0,18,0,5,0.05,0.01,-110.93,-104.69,17.89,1.15,36.97,7.22,0,100,99.82,7,8594.05,7486.88,0,0,0,0,15.76,14.71
2/10/22,DTL01005,DTL01005_7A_2_F,10980,4,10976,0,99.94,11090,3,99.93,10414,3,202,0,99.93,24,100,0,1,0,12,0,0,13,0,3,0.04,0,-110.94,-104.22,17.21,1.19,31.6,5.94,0,97.4,100,8,8118.01,6366.46,0,0,0,0,14.17,13.34
2/11/22,DTL01005,DTL01005_7A_2_F,9994,10,9984,0,99.87,9912,3,99.89,9568,1,221,0,99.87,44,100,0,0,0,22,2,0,20,0,8,0.03,0.01,-111.5,-104.6,19.29,1.07,45.19,7.36,0,99.29,99.91,8,12651.48,11356.71,0,0,0,0,16.35,13.69
2/12/22,DTL01005,DTL01005_7A_2_F,12202,6,12196,0,99.86,12419,11,99.91,11844,5,179,0,99.7,117,100,0,0,0,84,11,0,22,0,13,0.04,0.01,-110.95,-103.4,17.38,0.95,41.28,5.49,0,94.97,99.9,9,10801.15,9325.68,0,0,0,0,17.37,11.67
2/13/22,DTL01005,DTL01005_7A_2_F,11665,3,11662,0,99.93,11639,5,99.95,11297,3,152,0,99.96,16,100,0,0,0,6,0,0,10,0,3,0.03,0,-111.39,-103.33,18.47,1.39,38.37,5.68,0,98.04,100,8,9681.42,8590.54,0,0,0,0,16.92,8.73
2/14/22,DTL01005,DTL01005_7A_2_F,11012,2,11010,0,99.95,11062,3,99.95,10587,3,195,0,99.95,18,100,0,0,0,8,0,0,10,0,7,0.02,0.01,-111.5,-102.84,18.67,1.24,37.38,5.53,0,98.48,100,8,8966.68,8391.94,0,0,0,0,15.88,9.18
2/15/22,DTL01005,DTL01005_7A_2_F,10746,4,10742,0,99.92,10743,5,99.93,10394,3,220,0,99.92,30,100,0,0,0,18,2,0,8,0,4,0.04,0.01,-111.56,-103.09,18.75,1.29,32.79,5.03,0,98,99.89,7,8133.03,7652.66,0,0,0,0,14.33,9.05
2/16/22,DTL01005,DTL01005_7A_2_F,11752,3,11749,0,99.97,11745,1,99.96,10290,1,221,0,99.93,27,100,0,0,0,6,6,0,15,0,11,0.06,0.01,-111.84,-103.91,19.98,1.26,37.85,6.02,0,77.14,100,7,10569.61,9757.33,0,0,0,0,15.55,10.84
2/17/22,DTL01005,DTL01005_7A_2_F,10124,1,10123,0,99.98,10113,1,99.98,9570,1,195,0,99.94,19,100,0,0,0,2,0,0,15,2,10,0.07,0.01,-111.28,-105.54,16.88,1.04,36.39,4.69,0,100,100,7,8525.83,7870.77,0,0,0,0,16.31,10.18
2/18/22,DTL01005,DTL01005_7A_2_F,9403,1,9402,0,99.98,9386,1,99.38,9041,0,163,1,99.97,10,100,0,0,0,2,0,0,6,0,2,0.03,0,-111.26,-102.3,21.27,1.38,46.29,11.25,0,100,100,7,11531.48,10469.17,0,0,0,0,16.93,13.06
2/19/22,DTL01005,DTL01005_7A_2_F,11121,8,11113,0,99.89,11136,4,99.91,10787,2,114,0,99.77,84,100,0,1,0,56,6,0,17,2,9,0.06,0.01,-110.74,-102.77,18.18,1.04,40.05,4.43,0,94.25,100,8,9869.31,8835.48,0,0,0,0,17.29,8.13
2/20/22,DTL01005,DTL01005_7A_2_F,12122,0,12122,0,99.98,12064,2,100,11817,0,123,0,99.95,21,100,0,0,0,4,1,0,14,0,8,0.02,0,-110.24,-105,17.96,1.15,42.55,6.22,0,100,100,8,11484.81,10357.78,0,0,0,0,18.73,13.17
2/21/22,DTL01005,DTL01005_7A_2_F,11351,0,11351,0,100,11433,0,100,11082,0,182,0,99.96,14,100,0,0,0,10,0,0,4,0,2,0.09,0,-110.1,-105.41,20.89,1.18,39.71,5.87,0,100,100,7,10736.65,9984.56,0,0,0,0,16.5,12.76
2/22/22,DTL01005,DTL01005_7A_2_F,9665,0,9665,0,99.99,9629,1,100,9279,0,218,0,99.95,17,100,0,1,0,15,0,0,3,0,0,0.05,0.01,-111.23,-104.36,21.36,1.13,38.49,5.62,0,100,99.9,7,10352.87,10895.78,0,0,0,0,15.2,10.49
2/23/22,DTL01005,DTL01005_7A_2_F,10883,1,10882,0,99.99,10883,0,99.99,10478,0,196,0,99.94,21,100,0,0,0,8,0,0,13,0,7,0.02,0,-111.65,-104.31,18.24,1.15,37.29,5,0,63.37,99.89,7,9646.6,7706.7,0,0,0,0,15.15,9.99
2/24/22,DTL01005,DTL01005_7A_2_F,10587,2,10585,0,99.97,10609,1,99.97,10281,1,194,0,99.91,30,100,0,0,0,4,2,0,24,0,11,0.05,0.01,-111.85,-104.95,17.54,1.21,35.56,6.13,0,86.67,100,7,9089.02,8477.07,0,0,0,0,15.26,11.86
2/25/22,DTL01005,DTL01005_7A_2_F,11449,4,11445,0,99.93,11453,4,99.94,9694,2,184,0,99.92,27,99.44,1,2,0,14,0,0,15,0,9,0.11,0.01,-110.95,-105.02,15.9,1.06,36.76,5.59,0,98.61,100,7,9120.18,7458.06,0,0,0,0,17.42,11.05
2/26/22,DTL01005,DTL01005_7A_2_F,8277,0,8277,0,99.99,8202,1,99.99,7952,1,111,1,99.98,5,100,0,1,0,3,0,0,3,0,0,0.04,0.03,-111.07,-103.83,17.45,1.19,35.23,4.53,0,100,100,6,9714.31,8038.4,0,0,0,0,17.02,8.41
2/27/22,DTL01005,DTL01005_7A_2_F,10506,0,10506,0,99.99,10506,1,99.99,10327,1,87,0,99.98,8,100,0,0,0,0,2,0,6,0,2,0.03,0,-111.18,-103.59,19.48,1.06,37.74,4.93,0,97.87,100,7,10480.06,9149.1,0,0,0,0,15.58,9.38
2/28/22,DTL01005,DTL01005_7A_2_F,10405,2,10403,1,99.96,10382,1,99.97,9910,0,253,0,99.64,122,100,0,53,0,8,0,0,167,0,5,0.04,0.02,-110.92,-103.68,19.4,1.06,34.8,4.13,0,98.36,99.9,7,8377.92,9637.41,0,0,0,0,15.15,7.8
3/1/22,DTL01005,DTL01005_7A_2_F,13968,2,13966,0,99.99,13836,0,99.99,13381,0,260,0,99.93,27,100,0,1,0,12,0,0,16,0,8,0.04,0.01,-111.48,-105.2,17.41,1.24,37.83,6.57,0,100,100,8,9249.85,8117.46,0,0,0,0,16.31,11.39
3/2/22,DTL01005,DTL01005_7A_2_F,10153,11,10142,0,99.87,10118,2,99.88,9627,1,152,0,99.92,28,100,0,0,0,10,0,0,18,0,4,0.02,0.01,-111.5,-102.48,21.95,1.17,40.23,4.08,0,98.51,99.6,7,12794.08,11935.94,0,0,0,0,15.09,7.31
3/3/22,DTL01005,DTL01005_7A_2_F,10864,4,10860,0,99.94,10794,3,99.95,10443,1,252,0,99.89,40,100,0,0,0,10,2,0,26,0,8,0.04,0.01,-110.51,-103.49,17.47,1.15,28.84,3.92,0,98.51,100,7,6953.99,6135.24,0,0,0,0,13.97,7.19
3/4/22,DTL01005,DTL01005_7A_2_F,11583,1,11582,0,99.99,11548,0,99.99,11076,0,180,0,99.96,15,100,0,0,0,11,0,0,4,0,0,0.06,0.01,-111.82,-104.42,18.13,1.31,38.43,6.6,0,100,99.92,8,9243.21,9115.91,0,0,0,0,16.05,9.95
3/5/22,DTL01005,DTL01005_7A_2_F,11808,0,11808,0,100,11780,0,100,11503,0,170,0,99.97,11,100,0,0,0,9,0,0,2,0,0,0.04,0.01,-111.03,-104.51,22.46,1.56,44.74,6.41,0,100,99.8,7,13509.58,10141.04,0,0,0,0,16.37,10.63
3/6/22,DTL01005,DTL01005_7A_2_F,12094,0,12094,0,99.99,12064,1,100,11912,0,144,0,99.99,4,100,0,0,0,2,0,0,2,0,1,0.05,0.01,-110.34,-104.02,20.19,1.47,39.19,6.04,0,98.04,99.88,7,10304.61,9284.98,0,0,0,0,16.38,10.72
3/7/22,DTL01005,DTL01005_7A_2_F,10180,1,10179,0,99.98,10073,1,99.99,9745,0,176,0,99.92,25,99.43,1,2,0,8,4,0,14,0,5,0.06,0.01,-111.97,-104.92,18.96,1.54,32.09,8.03,0,100,99.81,7,8926.2,7088.09,0,0,0,0,13.21,11.88
3/8/22,DTL01005,DTL01005_7A_2_F,9012,1,9011,0,99.97,8987,2,99.99,8577,0,207,0,99.92,26,99.5,1,1,0,15,2,0,10,0,6,0.03,0.01,-111.13,-105.06,20.27,1.15,36.09,4.45,0,98,100,6,11178.35,9270.28,0,0,0,0,15.75,8.73
3/9/22,DTL01005,DTL01005_7A_2_F,10346,2,10344,0,99.96,10290,2,99.95,9734,3,175,0,99.92,28,100,0,0,0,8,0,0,16,2,4,0.06,0,-111.8,-103.69,17.58,1.5,33.87,5.35,0,100,100,7,9298.86,6581.77,0,0,0,0,15.08,9.23
